file,section,text
2549a441.mp3,story,"Hear now a tale! One ordinary evening, the Mess King moved into your home. Nobody invited him. He brought laundry."
3770b7e7.mp3,story,"But every home has a hero. In the hall closet, beneath three coats and a lost umbrella, a weapon lay waiting. For you."
1f7fb735.mp3,story,"Three lairs! Three bosses! One very messy kingdom. Win them back, and the Mess King shall have nowhere left to sit."
151d8876.mp3,story,"Welcome, hero. Your quest begins in the Laundry Lair. Probably."
4629fe0c.mp3,story,"The machine is finished. Back to the quest."
1cccc7cc.mp3,story,"Level cleared. Take a breath. Then the next one."
63fd4a7f.mp3,story,"Now then. Who are you, hero? Choose your champion, and tell me your name."
bf27108a.mp3,story,"Behold, your kingdom! Three lairs, held by the Mess King and his crew. Choose where to strike."
b6c2991f.mp3,story,"Back at the map. The Mess King grows nervous. Choose your next lair."
6b3e634e.mp3,story,"The throne room stands open! The Mess King awaits. He is pretending not to be nervous."
befe592b.mp3,story,"Onward, through the village, to the Laundry Lair! The villagers cheer. They are running low on clean socks."
12b21258.mp3,story,"Onward to the Sink Caverns! The villagers cheer. They have been eating off napkins for days."
780edff7.mp3,story,"Onward to the Clutter Keep! The villagers cheer, from a safe distance."
bbbdfb9d.mp3,story,"The road to the throne! The whole village has come out to watch. No pressure."
1dc7313b.mp3,story,"The Laundry Lair. The Sock Skeletons guard every load, and the Laundry Lich waits in the last one. It has been waiting a while. It is fine with that."
d505b8c5.mp3,story,"The Laundry Lair is yours. Well done."
a5a67943.mp3,story,"Gather the load. Grab everything for this load and bring it to the washer. Check under the bed. The skeletons hide socks there."
c6caa18c.mp3,story,"Sort it. Lights in one pile, darks in another, anything delicate on its own. Empty the pockets."
bb250067.mp3,story,"Start the washer. Load it, add detergent, press start. Then start the timer here and go do something else."
0df3344b.mp3,story,"Into the dryer. Move it all to the dryer. Hang anything that should not be dried. Start the timer."
495974a5.mp3,story,"Fold it. Fold one item, land one hit. Count the load first."
a7711a14.mp3,story,"Put it all away. Every folded item goes back where it lives. Drawers, hangers, the lot."
5c4901d8.mp3,story,"Boss, Fold the Lich. Fold one item, land one hit. Count the load first."
a056f78e.mp3,story,"The Laundry Lair is free. One less lair for the Mess King. 1 to go, hero. He is pretending not to notice."
898e59e1.mp3,story,"The Laundry Lair is free. One less lair for the Mess King. 2 to go, hero. He is pretending not to notice."
acd789e6.mp3,story,"The Laundry Lair is free. All three lairs are free. The Mess King has run out of places to hide. The throne room is open, hero."
e9a0ff67.mp3,story,"The home is yours. The Mess King packed one small bag and left. He will be back; he always is. But tonight, hero, every room is yours. Well played."
04892924.mp3,story,"The Sink Caverns. Grease Gremlins guard the counters, and the Sink Warlord lurks under the suds. It has one axe and no manners."
207c5053.mp3,story,"The Sink Caverns is yours. Well done."
5c1a4abe.mp3,story,"Clear the table. Bring every plate, cup and pan to the sink. Do not forget the mug by the couch."
b4579aec.mp3,story,"Scrape and rinse. Scrape the leftovers into the bin and give everything a quick rinse. Run the water hot."
848a8885.mp3,story,"Wash up. Wash one dish (or load it in the dishwasher), land one hit."
8cb49933.mp3,story,"Dry and put away. Dry what is clean and put it back in the cupboards. Running the dishwasher? Start it and tap done."
12fc3f80.mp3,story,"Wipe the counters. Wipe the counters and the sink. Wring out the sponge. Victory smells like lemon."
ce0115c9.mp3,story,"Boss, Wash the Warlord. Wash one dish (or load it in the dishwasher), land one hit."
73ed7400.mp3,story,"The Sink Caverns is free. One less lair for the Mess King. 1 to go, hero. He is pretending not to notice."
38da7057.mp3,story,"The Sink Caverns is free. One less lair for the Mess King. 2 to go, hero. He is pretending not to notice."
b71edd58.mp3,story,"The Sink Caverns is free. All three lairs are free. The Mess King has run out of places to hide. The throne room is open, hero."
184f491b.mp3,story,"The Clutter Keep. Every room is held by a Dust Brute, and the Clutter Colossus guards the last one. It is mostly cables."
6f6e4ece.mp3,story,"The Clutter Keep is yours. Well done."
42ea8b45.mp3,story,"Grab your gear. Grab a bag for trash and a basket for things that live in other rooms."
774a54b6.mp3,story,"Trash run. Bin everything that is trash, wrappers, receipts, the dried-out pen. Be ruthless."
3591b37f.mp3,story,"Put things back. Put one thing back where it lives, land one hit."
99bcf33c.mp3,story,"Clear the surfaces. Clear the tables and shelves, straighten what is left, and take the basket where it goes."
3468d9a1.mp3,story,"Boss, Topple the Colossus. Put one thing back where it lives, land one hit."
547ee7d9.mp3,story,"The Clutter Keep is free. One less lair for the Mess King. 1 to go, hero. He is pretending not to notice."
47474be6.mp3,story,"The Clutter Keep is free. One less lair for the Mess King. 2 to go, hero. He is pretending not to notice."
b4ff4611.mp3,story,"The Clutter Keep is free. All three lairs are free. The Mess King has run out of places to hide. The throne room is open, hero."
861e88f7.mp3,story,"The throne room. The Mess King sits on a pile of everything you ever meant to put away. He is not getting up. You will have to make him."
3d1d569f.mp3,story,"The Mess King's Throne is yours. Well done."
c7eeb9fc.mp3,story,"Sweep the Laundry Lair. Any clothes on the floor or the chair? Into the basket."
1fabed14.mp3,story,"Check the Sink Caverns. Any dishes hiding in the sink? Wash them or load them."
2646a22a.mp3,story,"Final Boss, The Mess King. Ten-minute reset, put one thing right anywhere in the home, land one hit."
7a5e1232.mp3,story,"Take the crown. Look around. Take a breath. This is your home again."
13b6c2e4.mp3,story,"The Mess King's Throne is free. One less lair for the Mess King. 1 to go, hero. He is pretending not to notice."
8f2f00db.mp3,story,"The Mess King's Throne is free. One less lair for the Mess King. 2 to go, hero. He is pretending not to notice."
dbbb1fac.mp3,story,"The Mess King's Throne is free. All three lairs are free. The Mess King has run out of places to hide. The throne room is open, hero."
a8db1197.mp3,story,"The Laundry Lich rises from the hamper. It is unimpressed."
e00dd884.mp3,story,"You have disturbed the Laundry Lich. It was napping on your chair."
ec57b0bc.mp3,story,"The Lich flings a wet sock spell at you. Keep folding."
1e62c778.mp3,story,"The Lich lunges. It smells faintly of fabric softener."
6dacd019.mp3,story,"Critical. The Lich loses its hat. It pretends not to care."
6eedbf19.mp3,story,"Critical. A sock falls off. Nobody will ever find it."
ae0c8c10.mp3,story,"The Lich restores its Ward. It found a matching sock. Smug."
2ce6f150.mp3,story,"Too slow. The Lich heals. It is now slightly more wrinkled."
72457fe5.mp3,story,"The Lich is unravelling."
f1984f68.mp3,story,"The Lich is down to its last few threads."
afcc3e75.mp3,story,"The Laundry Lich is folded. It accepts this."
2907505a.mp3,story,"The Lich is defeated. The drawer is full. Peace returns."
33a85dde.mp3,story,"The Lich is gathering a spell. Finish an item to strike first."
5221fa45.mp3,story,"The Lich raises its staff. It hums. Finish an item to strike first."
9b81e426.mp3,story,"A skeleton is winding up. Finish an item to strike first."
b21a800e.mp3,story,"The skeleton raises its blade. Finish an item to strike first."
53c61aae.mp3,story,"Something rattles. It is winding up. Finish an item to strike first."
6718beba.mp3,story,"The Lich is gathering a spell. Finish this step to strike first."
dac0750d.mp3,story,"The Lich raises its staff. It hums. Finish this step to strike first."
94a77352.mp3,story,"A skeleton is winding up. Finish this step to strike first."
2a28f1aa.mp3,story,"The skeleton raises its blade. Finish this step to strike first."
f1f2584a.mp3,story,"Something rattles. It is winding up. Finish this step to strike first."
39e5e066.mp3,story,"The Sink Warlord climbs out of the suds. It has been waiting since Tuesday."
69a117a3.mp3,story,"The Sink Warlord raises its axe. It is mostly a fork."
87352f29.mp3,story,"The Warlord splashes dishwater at you. Keep scrubbing."
5c2396e8.mp3,story,"The Warlord swings a soggy axe at you. Rude."
505c4d74.mp3,story,"Critical. The Warlord staggers into the dish rack."
4a00d5e1.mp3,story,"Critical. The Warlord loses a plate. It squeaks."
56255156.mp3,story,"The Warlord heals. A fresh coat of crusted lasagna."
473fef69.mp3,story,"Too slow. The Warlord heals. It is mostly soup now."
d74b29b8.mp3,story,"The Warlord is running out of armor."
9aab67d5.mp3,story,"The Warlord is gurgling. That is not a good sign for it."
f9fc74a0.mp3,story,"The Sink Warlord drains away. The sink is empty. It is unsettling."
d8cfc979.mp3,story,"The Warlord is defeated. Every plate gleams."
d17a1ba2.mp3,story,"The Warlord raises its axe. Finish an item to strike first."
9c14732a.mp3,story,"The Warlord is winding up a soggy swing. Finish an item to strike first."
617ab8d6.mp3,story,"The Warlord raises its axe. Finish this step to strike first."
fde76e2e.mp3,story,"The Warlord is winding up a soggy swing. Finish this step to strike first."
8e31467d.mp3,story,"The Clutter Colossus assembles itself. It is mostly cables."
0712466f.mp3,story,"The Clutter Colossus stands. It has been standing there for weeks. You just noticed."
b0df7c11.mp3,story,"The Colossus swings a mug at you. Keep tidying."
ec9a1073.mp3,story,"The Colossus throws a cable. It is tangled. Of course it is."
89ea3303.mp3,story,"Critical. A chunk falls off the Colossus. It was a shoe."
a166d030.mp3,story,"Critical. The Colossus loses an arm made of mail."
1b053fc9.mp3,story,"The Colossus rebuilds. It found a box of old chargers."
c2c8ffaf.mp3,story,"Too slow. The Colossus heals. It has acquired a lamp."
897b25c3.mp3,story,"The Colossus is wobbling."
3dca9ea2.mp3,story,"The Colossus is barely a pile anymore."
3b7b9d3d.mp3,story,"The Clutter Colossus collapses into nothing. Everything is where it lives."
bf1b9aaa.mp3,story,"The Colossus is defeated. You can see the floor."
c0034ddc.mp3,story,"The Colossus is winding up. Finish an item to strike first."
f35833f8.mp3,story,"The Colossus lifts its blade. Slowly. Menacingly. Finish an item to strike first."
e300dc7c.mp3,story,"The Colossus is winding up. Finish this step to strike first."
64e0c280.mp3,story,"The Colossus lifts its blade. Slowly. Menacingly. Finish this step to strike first."
6bd36af9.mp3,story,"The Mess King looks up from his throne. He sighs. He stands. He hates standing."
2e805071.mp3,story,"The Mess King yawns. You have his attention. Barely."
6542d9ae.mp3,story,"The Mess King flicks a crumb at you. It is a big crumb."
8e4be8aa.mp3,story,"The Mess King points his plunger at you. Keep going."
d9c3b975.mp3,story,"Critical. The crown slips."
1a8fd4e2.mp3,story,"Critical. The King sits up straight for once."
28e0f52b.mp3,story,"The Mess King reclines. The mess grows back a little."
44f1a166.mp3,story,"Too slow. The King looks pleased with himself."
14668815.mp3,story,"The Mess King is losing his throne."
90b4b954.mp3,story,"The King looks around for somewhere else to sit."
75099e91.mp3,story,"The Mess King topples off his throne. Your home is yours again."
c1cfc616.mp3,story,"The Mess King is defeated. He leaves without saying goodbye. Typical."
965434d5.mp3,story,"The Mess King raises his staff. He sighs first. Finish an item to strike first."
dce9deba.mp3,story,"The Mess King is gathering mess for a blow. Finish an item to strike first."
254c861d.mp3,story,"The Mess King raises his staff. He sighs first. Finish this step to strike first."
a1a8987e.mp3,story,"The Mess King is gathering mess for a blow. Finish this step to strike first."
460cd323.mp3,story,"Ouch. The skeleton got you."
655c125d.mp3,story,"You took a blow. Keep going."
a0e27310.mp3,story,"Interrupted. Nice."
c1719bf8.mp3,story,"You struck first."
bc998f20.mp3,story,"Too slow for you."
dcbbe413.mp3,story,"You are down. Get up. The chore is still here."
6f03b699.mp3,story,"Knocked down. A Loot Star rolls away. Up you get."
0df4c1c5.mp3,short,"Hear now a tale!"
c07067ac.mp3,short,"One ordinary evening, the Mess King moved into your home."
a8193e87.mp3,short,"Nobody invited him."
8fa32eac.mp3,short,"He brought laundry."
dfb61d8f.mp3,short,"But every home has a hero."
6e9aded7.mp3,short,"In the hall closet, beneath three coats and a lost umbrella, a weapon lay waiting."
5b50c10f.mp3,short,"For you."
672bcae5.mp3,short,"Three lairs!"
43e98c67.mp3,short,"Three bosses!"
d766dbff.mp3,short,"One very messy kingdom."
4841923b.mp3,short,"Win them back, and the Mess King shall have nowhere left to sit."
aabb2857.mp3,short,"Welcome, hero."
0b64cb79.mp3,short,"Your quest begins in the Laundry Lair."
99917a50.mp3,short,"Probably."
d68b797f.mp3,short,"The machine is finished."
68918824.mp3,short,"Back to the quest."
c6998335.mp3,short,"Level cleared."
670a9d61.mp3,short,"Take a breath."
ff0ebc48.mp3,short,"Then the next one."
ea9498b4.mp3,short,"Level up."
59430ed8.mp3,short,"Now then."
6e66dc4f.mp3,short,"Who are you, hero?"
780a6c08.mp3,short,"Choose your champion, and tell me your name."
22f7198e.mp3,short,"Behold, your kingdom!"
fee691ce.mp3,short,"Three lairs, held by the Mess King and his crew."
58ec78bc.mp3,short,"Choose where to strike."
d5a8a750.mp3,short,"Back at the map."
4ae26f15.mp3,short,"The Mess King grows nervous."
77d36c46.mp3,short,"Choose your next lair."
7f8795fd.mp3,short,"The throne room stands open!"
a08e888c.mp3,short,"The Mess King awaits."
b1684fcb.mp3,short,"He is pretending not to be nervous."
8ebeba74.mp3,short,"Onward, through the village, to the Laundry Lair!"
41af39d8.mp3,short,"The villagers cheer."
952956ad.mp3,short,"They are running low on clean socks."
f1a9e85c.mp3,short,"Onward to the Sink Caverns!"
7c7a138a.mp3,short,"They have been eating off napkins for days."
4e8df2d9.mp3,short,"Onward to the Clutter Keep!"
f741bfdd.mp3,short,"The villagers cheer, from a safe distance."
4f585209.mp3,short,"The road to the throne!"
0e67f671.mp3,short,"The whole village has come out to watch."
54d7497d.mp3,short,"No pressure."
fdc18eac.mp3,short,"You are now level 2."
1fc402c9.mp3,short,"You are now level 3."
1db2b682.mp3,short,"You are now level 4."
ffb4c5df.mp3,short,"You are now level 5."
1db733b0.mp3,short,"You are now level 6."
9fba3eed.mp3,short,"You are now level 7."
7da8c046.mp3,short,"You are now level 8."
9fab3463.mp3,short,"You are now level 9."
0e15bef1.mp3,short,"You are now level 10."
ac12e614.mp3,short,"You are now level 11."
ae10aaa3.mp3,short,"You are now level 12."
8c0e3686.mp3,short,"You are now level 13."
2e0b63f5.mp3,short,"You are now level 14."
0c08efd8.mp3,short,"You are now level 15."
2e06e6c7.mp3,short,"You are now level 16."
0c0472aa.mp3,short,"You are now level 17."
2e297909.mp3,short,"You are now level 18."
0c2704ec.mp3,short,"You are now level 19."
79ea3a20.mp3,short,"You are now level 20."
7bec7bdd.mp3,short,"You are now level 21."
f9e4f372.mp3,short,"You are now level 22."
1be7678f.mp3,short,"You are now level 23."
19f4305c.mp3,short,"You are now level 24."
fbf63fb9.mp3,short,"You are now level 25."
99eee9ae.mp3,short,"You are now level 26."
fbf1c28b.mp3,short,"You are now level 27."
19d61b48.mp3,short,"You are now level 28."
7bd8f425.mp3,short,"You are now level 29."
0881b97b.mp3,short,"You are now level 30."
e67f455e.mp3,short,"You are now level 31."
088636a9.mp3,short,"You are now level 32."
e683c28c.mp3,short,"You are now level 33."
6877c33f.mp3,short,"You are now level 34."
0674ea62.mp3,short,"You are now level 35."
887c72cd.mp3,short,"You are now level 36."
867a3110.mp3,short,"You are now level 37."
886d6843.mp3,short,"You are now level 38."
666af426.mp3,short,"You are now level 39."
0c326762.mp3,short,"You are now level 40."
6e35403f.mp3,short,"You are now level 41."
8c37ae10.mp3,short,"You are now level 42."
8e39efcd.mp3,short,"You are now level 43."
ec3cc25e.mp3,short,"You are now level 44."
0e3f367b.mp3,short,"You are now level 45."
ec413f8c.mp3,short,"You are now level 46."
0e43b3a9.mp3,short,"You are now level 47."
ec1ead4a.mp3,short,"You are now level 48."
0e212167.mp3,short,"You are now level 49."
daca4b7d.mp3,short,"You are now level 50."
31304e87.mp3,short,"The Laundry Lair."
a069b901.mp3,short,"The Sock Skeletons guard every load, and the Laundry Lich waits in the last one."
87f2fa8b.mp3,short,"It has been waiting a while."
cc3805ad.mp3,short,"It is fine with that."
8a869d3d.mp3,short,"The Laundry Lair is yours."
6e3f023b.mp3,short,"Well done."
81b1f29b.mp3,short,"Gather the load."
6bd01335.mp3,short,"Grab everything for this load and bring it to the washer."
1d141899.mp3,short,"Check under the bed."
56fc0ff7.mp3,short,"The skeletons hide socks there."
aa7df610.mp3,short,"Sort it."
b12bcd1c.mp3,short,"Lights in one pile, darks in another, anything delicate on its own."
b41ca298.mp3,short,"Empty the pockets."
aa0483fa.mp3,short,"Start the washer."
5ba657d2.mp3,short,"Load it, add detergent, press start."
a22b6951.mp3,short,"Then start the timer here and go do something else."
543204bc.mp3,short,"Into the dryer."
ecbe5370.mp3,short,"Move it all to the dryer."
500a6125.mp3,short,"Hang anything that should not be dried."
4b67be19.mp3,short,"Start the timer."
53758887.mp3,short,"Fold it."
dd66cc01.mp3,short,"Fold one item, land one hit."
0e4a966b.mp3,short,"Count the load first."
bb2aa580.mp3,short,"Put it all away."
6d05048f.mp3,short,"Every folded item goes back where it lives."
f28efe29.mp3,short,"Drawers, hangers, the lot."
1b3c1ec8.mp3,short,"Boss, Fold the Lich."
85da4a4d.mp3,short,"The Laundry Lair is free."
eb388d03.mp3,short,"One less lair for the Mess King."
ff941169.mp3,short,"1 to go, hero."
43021232.mp3,short,"He is pretending not to notice."
6c5c24da.mp3,short,"2 to go, hero."
5651f10f.mp3,short,"All three lairs are free."
bd88a0ac.mp3,short,"The Mess King has run out of places to hide."
2932cd6d.mp3,short,"The throne room is open, hero."
d0a0a51d.mp3,short,"The home is yours."
f675c8a4.mp3,short,"The Mess King packed one small bag and left."
d5e1bfa1.mp3,short,"He will be back; he always is."
547e2b89.mp3,short,"But tonight, hero, every room is yours."
b08f4c22.mp3,short,"Well played."
b01cd66d.mp3,short,"The Sink Caverns."
d6d32df9.mp3,short,"Grease Gremlins guard the counters, and the Sink Warlord lurks under the suds."
c7341be0.mp3,short,"It has one axe and no manners."
0392b51f.mp3,short,"The Sink Caverns is yours."
574dcd25.mp3,short,"Clear the table."
5d0a468b.mp3,short,"Bring every plate, cup and pan to the sink."
bf7dc0b0.mp3,short,"Do not forget the mug by the couch."
66c222b5.mp3,short,"Scrape and rinse."
3dbbfe2a.mp3,short,"Scrape the leftovers into the bin and give everything a quick rinse."
257a2ff9.mp3,short,"Run the water hot."
9017c28b.mp3,short,"Wash up."
0a2262d9.mp3,short,"Wash one dish (or load it in the dishwasher), land one hit."
f05c2a1e.mp3,short,"Dry and put away."
33588e84.mp3,short,"Dry what is clean and put it back in the cupboards."
9f48514a.mp3,short,"Running the dishwasher?"
c94b77e6.mp3,short,"Start it and tap done."
9b9a0294.mp3,short,"Wipe the counters."
f1f3b05b.mp3,short,"Wipe the counters and the sink."
d155d52f.mp3,short,"Wring out the sponge."
ba78f9e9.mp3,short,"Victory smells like lemon."
14290a77.mp3,short,"Boss, Wash the Warlord."
7567f79f.mp3,short,"The Sink Caverns is free."
0f20dc88.mp3,short,"The Clutter Keep."
8da83b8d.mp3,short,"Every room is held by a Dust Brute, and the Clutter Colossus guards the last one."
441ef6e8.mp3,short,"It is mostly cables."
32b99fec.mp3,short,"The Clutter Keep is yours."
a1fc401d.mp3,short,"Grab your gear."
79c7ef37.mp3,short,"Grab a bag for trash and a basket for things that live in other rooms."
5292f522.mp3,short,"Trash run."
428235c4.mp3,short,"Bin everything that is trash, wrappers, receipts, the dried-out pen."
93ac239a.mp3,short,"Be ruthless."
e62bead0.mp3,short,"Put things back."
f1a98d9e.mp3,short,"Put one thing back where it lives, land one hit."
759db257.mp3,short,"Clear the surfaces."
93be386c.mp3,short,"Clear the tables and shelves, straighten what is left, and take the basket where it goes."
986b716a.mp3,short,"Boss, Topple the Colossus."
6256d0b2.mp3,short,"The Clutter Keep is free."
cc89d0ad.mp3,short,"The throne room."
169bb56e.mp3,short,"The Mess King sits on a pile of everything you ever meant to put away."
4b3593a2.mp3,short,"He is not getting up."
b543ab51.mp3,short,"You will have to make him."
d6c6933b.mp3,short,"The Mess King's Throne is yours."
e41e57d3.mp3,short,"Sweep the Laundry Lair."
ed762e63.mp3,short,"Any clothes on the floor or the chair?"
d0e91494.mp3,short,"Into the basket."
9442cfcd.mp3,short,"Check the Sink Caverns."
c3666052.mp3,short,"Any dishes hiding in the sink?"
bab5169b.mp3,short,"Wash them or load them."
bbacb920.mp3,short,"Final Boss, The Mess King."
bc4c3abd.mp3,short,"Ten-minute reset, put one thing right anywhere in the home, land one hit."
e8111ea0.mp3,short,"Take the crown."
80fda4db.mp3,short,"Look around."
ed6adab5.mp3,short,"This is your home again."
b48bb98b.mp3,short,"The Mess King's Throne is free."
4ed5385d.mp3,short,"The Laundry Lich rises from the hamper."
5bab66ad.mp3,short,"It is unimpressed."
f21a0a64.mp3,short,"You have disturbed the Laundry Lich."
76248b6b.mp3,short,"It was napping on your chair."
091e27e2.mp3,short,"The Lich flings a wet sock spell at you."
7bd8b12d.mp3,short,"Keep folding."
4c6d8786.mp3,short,"The Lich lunges."
24d9a5fd.mp3,short,"It smells faintly of fabric softener."
223a4806.mp3,short,"The Lich is gathering a spell."
dc67c9dd.mp3,short,"The Lich raises its staff."
856f773b.mp3,short,"It hums."
536b1ff2.mp3,short,"Critical."
c6a69cc5.mp3,short,"The Lich loses its hat."
95a8ee9c.mp3,short,"It pretends not to care."
cd0e5d6f.mp3,short,"A sock falls off."
c50e0374.mp3,short,"Nobody will ever find it."
b74419a9.mp3,short,"The Lich restores its Ward."
37baca70.mp3,short,"It found a matching sock."
0a822ed9.mp3,short,"Smug."
ac9448c4.mp3,short,"Too slow."
0de2bc47.mp3,short,"The Lich heals."
20288df3.mp3,short,"It is now slightly more wrinkled."
5cd93715.mp3,short,"The Laundry Lich is folded."
ad4b2e9f.mp3,short,"It accepts this."
efa05fa4.mp3,short,"The Lich is defeated."
e14e9bb6.mp3,short,"The drawer is full."
de43ce54.mp3,short,"Peace returns."
e4436447.mp3,short,"The Lich begins a spell."
0a65ee9a.mp3,short,"1 item in 5 seconds."
49dd2e18.mp3,short,"Or it summons a fresh sock."
938fc494.mp3,short,"1 item in 10 seconds."
ba6918f9.mp3,short,"1 item in 15 seconds."
35fa46dd.mp3,short,"1 item in 20 seconds."
1f2bda00.mp3,short,"1 item in 25 seconds."
a0c5ad4e.mp3,short,"1 item in 30 seconds."
711dabb3.mp3,short,"1 item in 35 seconds."
5ac00aa7.mp3,short,"1 item in 40 seconds."
77738cea.mp3,short,"1 item in 45 seconds."
a8dbd310.mp3,short,"1 item in 50 seconds."
aacd61ad.mp3,short,"1 item in 55 seconds."
263935f9.mp3,short,"1 item in 60 seconds."
5a3ecff4.mp3,short,"2 items in 5 seconds."
7ab9e0ca.mp3,short,"2 items in 10 seconds."
937a5307.mp3,short,"2 items in 15 seconds."
9b20a9f7.mp3,short,"2 items in 20 seconds."
d0d3a37a.mp3,short,"2 items in 25 seconds."
3afd47e0.mp3,short,"2 items in 30 seconds."
fd20a8bd.mp3,short,"2 items in 35 seconds."
aa0d3e2d.mp3,short,"2 items in 40 seconds."
a81baf90.mp3,short,"2 items in 45 seconds."
af16a21e.mp3,short,"2 items in 50 seconds."
cadd0b83.mp3,short,"2 items in 55 seconds."
332763ab.mp3,short,"2 items in 60 seconds."
48e8f49f.mp3,short,"3 items in 5 seconds."
6b6f27df.mp3,short,"3 items in 10 seconds."
9de9dea2.mp3,short,"3 items in 15 seconds."
f2819ab2.mp3,short,"3 items in 20 seconds."
ab79636f.mp3,short,"3 items in 25 seconds."
4df24f71.mp3,short,"3 items in 30 seconds."
f064508c.mp3,short,"3 items in 35 seconds."
8494338c.mp3,short,"3 items in 40 seconds."
e2223271.mp3,short,"3 items in 45 seconds."
651d69d3.mp3,short,"3 items in 50 seconds."
39061eee.mp3,short,"3 items in 55 seconds."
ae29a446.mp3,short,"3 items in 60 seconds."
85780d35.mp3,short,"The Lich is casting."
3653768e.mp3,short,"Fold fast."
f2685527.mp3,short,"1 item stand between you and victory."
df32d956.mp3,short,"1 item left."
564fa151.mp3,short,"2 items stand between you and victory."
412f13cc.mp3,short,"2 items left."
9a82b030.mp3,short,"3 items stand between you and victory."
c7758f57.mp3,short,"3 items left."
6410b72f.mp3,short,"4 items stand between you and victory."
6aac63be.mp3,short,"4 items left."
868c5f56.mp3,short,"5 items stand between you and victory."
8c5de6e9.mp3,short,"5 items left."
0fd2e66d.mp3,short,"6 items stand between you and victory."
1561c2b0.mp3,short,"6 items left."
10ff962c.mp3,short,"7 items stand between you and victory."
566b61fb.mp3,short,"7 items left."
7eec9b9b.mp3,short,"8 items stand between you and victory."
33c274c2.mp3,short,"8 items left."
db6bbd72.mp3,short,"9 items stand between you and victory."
174889fd.mp3,short,"9 items left."
c6662a62.mp3,short,"10 items stand between you and victory."
2268b62d.mp3,short,"10 items left."
7c89050b.mp3,short,"11 items stand between you and victory."
348e5e32.mp3,short,"11 items left."
af142498.mp3,short,"12 items stand between you and victory."
5f1a473f.mp3,short,"12 items left."
5fd95cb9.mp3,short,"13 items stand between you and victory."
f116d974.mp3,short,"13 items left."
dc76327e.mp3,short,"14 items stand between you and victory."
a4e17a51.mp3,short,"14 items left."
11e7c377.mp3,short,"15 items stand between you and victory."
8e0cb9e6.mp3,short,"15 items left."
ea474dd4.mp3,short,"16 items stand between you and victory."
0d6c3163.mp3,short,"16 items left."
f0e69675.mp3,short,"17 items stand between you and victory."
146f5978.mp3,short,"17 items left."
8535ef2a.mp3,short,"18 items stand between you and victory."
884402d5.mp3,short,"18 items left."
0e7292b3.mp3,short,"19 items stand between you and victory."
4a7e875a.mp3,short,"19 items left."
39c6d373.mp3,short,"20 items stand between you and victory."
3828c41a.mp3,short,"20 items left."
480745f2.mp3,short,"A great many items stand between you and victory."
9a74badb.mp3,short,"One item left."
8049dcef.mp3,short,"Finish it."
428eeb27.mp3,short,"The Sink Warlord climbs out of the suds."
e3309f26.mp3,short,"It has been waiting since Tuesday."
1157bf15.mp3,short,"The Sink Warlord raises its axe."
273cdc89.mp3,short,"It is mostly a fork."
05a9f2e7.mp3,short,"The Warlord splashes dishwater at you."
165bf6a9.mp3,short,"Keep scrubbing."
51e24790.mp3,short,"The Warlord swings a soggy axe at you."
18f4a69f.mp3,short,"Rude."
dfdb3f22.mp3,short,"The Warlord raises its axe."
2a450e8a.mp3,short,"The Warlord is winding up a soggy swing."
1f01bb57.mp3,short,"The Warlord staggers into the dish rack."
b6a63bd6.mp3,short,"The Warlord loses a plate."
31084d5f.mp3,short,"It squeaks."
f60d89d4.mp3,short,"The Warlord heals."
318f4fd3.mp3,short,"A fresh coat of crusted lasagna."
7e31ab4b.mp3,short,"It is mostly soup now."
d88fbcd4.mp3,short,"The Warlord is gurgling."
de798c36.mp3,short,"That is not a good sign for it."
d14e1325.mp3,short,"The Sink Warlord drains away."
a52114ce.mp3,short,"The sink is empty."
b65d0263.mp3,short,"It is unsettling."
5a4652e7.mp3,short,"The Warlord is defeated."
c02128f9.mp3,short,"Every plate gleams."
0fa887b9.mp3,short,"The Warlord raises its shield."
97d552c1.mp3,short,"1 dish in 5 seconds."
f02e1de5.mp3,short,"1 dish in 10 seconds."
09453388.mp3,short,"1 dish in 15 seconds."
8463e93c.mp3,short,"1 dish in 20 seconds."
12730fa1.mp3,short,"1 dish in 25 seconds."
c094c683.mp3,short,"1 dish in 30 seconds."
a4ce5d1e.mp3,short,"1 dish in 35 seconds."
b1cb6e62.mp3,short,"1 dish in 40 seconds."
b165739f.mp3,short,"1 dish in 45 seconds."
7e432ca1.mp3,short,"1 dish in 50 seconds."
f034063c.mp3,short,"1 dish in 55 seconds."
bd32dbd8.mp3,short,"1 dish in 60 seconds."
8293056a.mp3,short,"2 dishes in 5 seconds."
2de503e4.mp3,short,"2 dishes in 10 seconds."
820d5e49.mp3,short,"2 dishes in 15 seconds."
f570d7ed.mp3,short,"2 dishes in 20 seconds."
6ae1a950.mp3,short,"2 dishes in 25 seconds."
ea6ae4de.mp3,short,"2 dishes in 30 seconds."
946a7e43.mp3,short,"2 dishes in 35 seconds."
3da9b8b7.mp3,short,"2 dishes in 40 seconds."
f3762f3a.mp3,short,"2 dishes in 45 seconds."
2501c0a0.mp3,short,"2 dishes in 50 seconds."
a41f847d.mp3,short,"2 dishes in 55 seconds."
eddd7b49.mp3,short,"2 dishes in 60 seconds."
714606d3.mp3,short,"3 dishes in 5 seconds."
132b9983.mp3,short,"3 dishes in 10 seconds."
f765301e.mp3,short,"3 dishes in 15 seconds."
6558ba76.mp3,short,"3 dishes in 20 seconds."
a74e1a5b.mp3,short,"3 dishes in 25 seconds."
42c4f0e5.mp3,short,"3 dishes in 30 seconds."
5bdc0688.mp3,short,"3 dishes in 35 seconds."
0fc9aed8.mp3,short,"3 dishes in 40 seconds."
a713e675.mp3,short,"3 dishes in 45 seconds."
184385cf.mp3,short,"3 dishes in 50 seconds."
c645ac92.mp3,short,"3 dishes in 55 seconds."
04624162.mp3,short,"3 dishes in 60 seconds."
7767c5f6.mp3,short,"The Warlord gathers grease."
ae8b2bb0.mp3,short,"Scrub fast."
8861d082.mp3,short,"1 dish stand between you and victory."
d0478dcd.mp3,short,"1 dish left."
95ca5137.mp3,short,"2 dishes stand between you and victory."
a369dda6.mp3,short,"2 dishes left."
6986170c.mp3,short,"3 dishes stand between you and victory."
a3209c5b.mp3,short,"3 dishes left."
47154135.mp3,short,"4 dishes stand between you and victory."
2f785b38.mp3,short,"4 dishes left."
e9abfd62.mp3,short,"5 dishes stand between you and victory."
746e172d.mp3,short,"5 dishes left."
31c46dc3.mp3,short,"6 dishes stand between you and victory."
ed4f076a.mp3,short,"6 dishes left."
945e2988.mp3,short,"7 dishes stand between you and victory."
a2ad1d2f.mp3,short,"7 dishes left."
7d515b91.mp3,short,"8 dishes stand between you and victory."
1122bc0c.mp3,short,"8 dishes left."
50e2db0e.mp3,short,"9 dishes stand between you and victory."
677f40a1.mp3,short,"9 dishes left."
e112821e.mp3,short,"10 dishes stand between you and victory."
a67a75f1.mp3,short,"10 dishes left."
d33620a1.mp3,short,"11 dishes stand between you and victory."
d8e0399c.mp3,short,"11 dishes left."
a6c21a64.mp3,short,"12 dishes stand between you and victory."
91ce3af3.mp3,short,"12 dishes left."
2b3bd96f.mp3,short,"13 dishes stand between you and victory."
2d71b6fe.mp3,short,"13 dishes left."
976dca9a.mp3,short,"14 dishes stand between you and victory."
df408cc5.mp3,short,"14 dishes left."
caf2b24d.mp3,short,"15 dishes stand between you and victory."
a25ad990.mp3,short,"15 dishes left."
dbfef680.mp3,short,"16 dishes stand between you and victory."
c61423e7.mp3,short,"16 dishes left."
42dd4a7b.mp3,short,"17 dishes stand between you and victory."
84405222.mp3,short,"17 dishes left."
90cc70f6.mp3,short,"18 dishes stand between you and victory."
2d742b09.mp3,short,"18 dishes left."
b4036a99.mp3,short,"19 dishes stand between you and victory."
6116d8d4.mp3,short,"19 dishes left."
50e50359.mp3,short,"20 dishes stand between you and victory."
81c94394.mp3,short,"20 dishes left."
c9babc8e.mp3,short,"A great many dishes stand between you and victory."
12fa8398.mp3,short,"One dish left."
3332529c.mp3,short,"The Clutter Colossus assembles itself."
7198dc63.mp3,short,"The Clutter Colossus stands."
01454ec4.mp3,short,"It has been standing there for weeks."
14df0970.mp3,short,"You just noticed."
369719b8.mp3,short,"The Colossus swings a mug at you."
2640d022.mp3,short,"Keep tidying."
e27187a2.mp3,short,"The Colossus throws a cable."
8a7ce48d.mp3,short,"It is tangled."
4ecc5dd4.mp3,short,"Of course it is."
08e1b264.mp3,short,"The Colossus is winding up."
5518e1ef.mp3,short,"The Colossus lifts its blade."
73ac15c3.mp3,short,"Slowly."
6fe7d4bc.mp3,short,"Menacingly."
c2ea7fdc.mp3,short,"A chunk falls off the Colossus."
2a452d1d.mp3,short,"It was a shoe."
0945ea31.mp3,short,"The Colossus loses an arm made of mail."
dfd25933.mp3,short,"The Colossus rebuilds."
fb7e1465.mp3,short,"It found a box of old chargers."
81905ee4.mp3,short,"The Colossus heals."
26fdb37b.mp3,short,"It has acquired a lamp."
5fe01131.mp3,short,"The Clutter Colossus collapses into nothing."
838d502b.mp3,short,"Everything is where it lives."
46bec217.mp3,short,"The Colossus is defeated."
65930eba.mp3,short,"You can see the floor."
a7376b0e.mp3,short,"The Colossus gathers more junk."
573423a1.mp3,short,"1 thing in 5 seconds."
e7b662c5.mp3,short,"1 thing in 10 seconds."
a2f7b168.mp3,short,"1 thing in 15 seconds."
e6a71e9c.mp3,short,"1 thing in 20 seconds."
67274e01.mp3,short,"1 thing in 25 seconds."
205d92e3.mp3,short,"1 thing in 30 seconds."
5297b47e.mp3,short,"1 thing in 35 seconds."
18d84542.mp3,short,"1 thing in 40 seconds."
7411d0ff.mp3,short,"1 thing in 45 seconds."
d2f76b01.mp3,short,"1 thing in 50 seconds."
52773b9c.mp3,short,"1 thing in 55 seconds."
c4597bb8.mp3,short,"1 thing in 60 seconds."
78847a07.mp3,short,"2 things in 5 seconds."
f313c997.mp3,short,"2 things in 10 seconds."
7ebebc1a.mp3,short,"2 things in 15 seconds."
d2ad006a.mp3,short,"2 things in 20 seconds."
b5f97e27.mp3,short,"2 things in 25 seconds."
43410829.mp3,short,"2 things in 30 seconds."
7274b944.mp3,short,"2 things in 35 seconds."
06a49c44.mp3,short,"2 things in 40 seconds."
d770eb29.mp3,short,"2 things in 45 seconds."
91c813cb.mp3,short,"2 things in 50 seconds."
21f45766.mp3,short,"2 things in 55 seconds."
380579be.mp3,short,"2 things in 60 seconds."
7b7d50a6.mp3,short,"3 things in 5 seconds."
244b5640.mp3,short,"3 things in 10 seconds."
b5f2da1d.mp3,short,"3 things in 15 seconds."
d654c4e9.mp3,short,"3 things in 20 seconds."
f6693004.mp3,short,"3 things in 25 seconds."
1fd81b2a.mp3,short,"3 things in 30 seconds."
3acecde7.mp3,short,"3 things in 35 seconds."
1342218b.mp3,short,"3 things in 40 seconds."
d88e7526.mp3,short,"3 things in 45 seconds."
8a991304.mp3,short,"3 things in 50 seconds."
6a84a7e9.mp3,short,"3 things in 55 seconds."
d7cbab0d.mp3,short,"3 things in 60 seconds."
96d5dcaa.mp3,short,"The Colossus reinforces itself."
b739d7f5.mp3,short,"Tidy fast."
1d83f662.mp3,short,"1 thing stand between you and victory."
8f1dba2d.mp3,short,"1 thing left."
cfd93548.mp3,short,"2 things stand between you and victory."
86b292ef.mp3,short,"2 things left."
733c4b1b.mp3,short,"3 things stand between you and victory."
a81a4742.mp3,short,"3 things left."
7ad47252.mp3,short,"4 things stand between you and victory."
4384b2dd.mp3,short,"4 things left."
6a708b8d.mp3,short,"5 things stand between you and victory."
003ec6d0.mp3,short,"5 things left."
5bac530c.mp3,short,"6 things stand between you and victory."
0633705b.mp3,short,"6 things left."
7fc6672f.mp3,short,"7 things stand between you and victory."
bc07f3be.mp3,short,"7 things left."
f701f186.mp3,short,"8 things stand between you and victory."
fea43059.mp3,short,"8 things left."
623bb0a1.mp3,short,"9 things stand between you and victory."
413c699c.mp3,short,"9 things left."
bd1bec71.mp3,short,"10 things stand between you and victory."
1f37866c.mp3,short,"10 things left."
ef7de696.mp3,short,"11 things stand between you and victory."
301bb029.mp3,short,"11 things left."
fd4d5383.mp3,short,"12 things stand between you and victory."
9a52892a.mp3,short,"12 things left."
603f3c90.mp3,short,"13 things stand between you and victory."
eced5737.mp3,short,"13 things left."
53f685d5.mp3,short,"14 things stand between you and victory."
6a848e58.mp3,short,"14 things left."
b0e09f3a.mp3,short,"15 things stand between you and victory."
db769f65.mp3,short,"15 things left."
c41bc7f7.mp3,short,"16 things stand between you and victory."
6e186366.mp3,short,"16 things left."
9e9a0794.mp3,short,"17 things stand between you and victory."
575c9923.mp3,short,"17 things left."
4d138c79.mp3,short,"18 things stand between you and victory."
bdbdaf34.mp3,short,"18 things left."
dc5eac7e.mp3,short,"19 things stand between you and victory."
77021851.mp3,short,"19 things left."
c15dc73e.mp3,short,"20 things stand between you and victory."
97f89c11.mp3,short,"20 things left."
db139221.mp3,short,"A great many things stand between you and victory."
dcb4e2ba.mp3,short,"One thing left."
67ee895c.mp3,short,"The Mess King looks up from his throne."
985ce620.mp3,short,"He sighs."
b0dcb0a3.mp3,short,"He stands."
7875f3d5.mp3,short,"He hates standing."
d4f11c97.mp3,short,"The Mess King yawns."
def5c0fa.mp3,short,"You have his attention."
2cbdc870.mp3,short,"Barely."
dbbef7d5.mp3,short,"The Mess King flicks a crumb at you."
00d693c0.mp3,short,"It is a big crumb."
7af04995.mp3,short,"The Mess King points his plunger at you."
b6fcf84c.mp3,short,"Keep going."
d235e890.mp3,short,"The Mess King raises his staff."
f2c0855a.mp3,short,"He sighs first."
ed6c96ba.mp3,short,"The Mess King is gathering mess for a blow."
f0e98c6a.mp3,short,"The crown slips."
74d961c7.mp3,short,"The King sits up straight for once."
2be6419a.mp3,short,"The Mess King reclines."
0275df76.mp3,short,"The mess grows back a little."
15ebfb8f.mp3,short,"The King looks pleased with himself."
dbfaa411.mp3,short,"The Mess King topples off his throne."
6c827267.mp3,short,"Your home is yours again."
d9573659.mp3,short,"The Mess King is defeated."
488da3e2.mp3,short,"He leaves without saying goodbye."
7ce84ec7.mp3,short,"Typical."
9019c60a.mp3,short,"The Mess King summons more mess."
2b4de88d.mp3,short,"The King rallies the clutter."
0b7fce1d.mp3,short,"Combo."
56cb7721.mp3,short,"Triple."
f9088a5c.mp3,short,"Unstoppable."
98f8a3dd.mp3,short,"Combo lost."
deb10b2e.mp3,short,"Raid resumed."
8194ab87.mp3,short,"Halfway."
cd0f8d0e.mp3,short,"Three left."
b02bd8ae.mp3,short,"A skeleton is winding up."
2ae38916.mp3,short,"The skeleton raises its blade."
02ff2d2a.mp3,short,"Something rattles."
7eccffc7.mp3,short,"It is winding up."
7a52197c.mp3,short,"Ouch."
4854539c.mp3,short,"The skeleton got you."
d8169cf2.mp3,short,"You took a blow."
8a6e660d.mp3,short,"Interrupted."
9e5861b6.mp3,short,"Nice."
b46f7a0c.mp3,short,"You are down."
651bfa5a.mp3,short,"Get up."
d0857489.mp3,short,"The chore is still here."
aeca8f74.mp3,short,"Knocked down."
0a50966a.mp3,short,"A Loot Star rolls away."
d391b1f7.mp3,short,"Up you get."
d56c8463.mp3,short,"Finish this step to strike first."
de859c3f.mp3,short,"Finish an item to strike first."
